-- artists
insert into artists (id, name, genre) values (1, 'Caleb McGuinness', 'Yakama');
insert into artists (id, name, genre) values (2, 'Klara Mallard', 'South American');
insert into artists (id, name, genre) values (3, 'Maryl Fetherstan', 'Colville');
insert into artists (id, name, genre) values (4, 'Winna Lacase', 'Tohono O''Odham');
insert into artists (id, name, genre) values (5, 'Charissa Mellanby', 'Pueblo');
insert into artists (id, name, genre) values (6, 'Arluene Derycot', 'Micronesian');
insert into artists (id, name, genre) values (7, 'Devinne Dibbin', 'Cherokee');
insert into artists (id, name, genre) values (8, 'Deana MacMearty', 'Guatemalan');
insert into artists (id, name, genre) values (9, 'Murvyn Atkin', 'Polynesian');
insert into artists (id, name, genre) values (10, 'Andras Rudyard', 'Filipino');
insert into artists (id, name, genre) values (11, 'Niko Perkinson', 'Iroquois');
insert into artists (id, name, genre) values (12, 'Arlyne Poley', 'Creek');
insert into artists (id, name, genre) values (13, 'Sol Harmond', 'Osage');
insert into artists (id, name, genre) values (14, 'Lucita Drogan', 'Guatemalan');
insert into artists (id, name, genre) values (15, 'Crissie O''Cooney', 'Ute');
insert into artists (id, name, genre) values (16, 'Simonne Borzone', 'Yuman');
insert into artists (id, name, genre) values (17, 'Amalea Gietz', 'Chinese');
insert into artists (id, name, genre) values (18, 'Garald Fawdrey', 'Puerto Rican');
insert into artists (id, name, genre) values (19, 'Ernesta O''Scannill', 'American Indian and Alaska Native (AIAN)');
insert into artists (id, name, genre) values (20, 'Isabelle Bompas', 'Cheyenne');
insert into artists (id, name, genre) values (21, 'Caddric Ondrusek', 'Native Hawaiian and Other Pacific Islander (NHPI)');
insert into artists (id, name, genre) values (22, 'Britta Stoke', 'Guamanian');
insert into artists (id, name, genre) values (23, 'Homere Rojas', 'Cherokee');
insert into artists (id, name, genre) values (24, 'Emory Cutford', 'Pima');
insert into artists (id, name, genre) values (25, 'Trueman Wattisham', 'Peruvian');

--albums
insert into albums (id, artist_id, title, year) values (1, 1, 'eget elit sodales', 2012);
insert into albums (id, artist_id, title, year) values (2, 1, 'nibh in', 2006);
insert into albums (id, artist_id, title, year) values (3, 2, 'iaculis', 1961);
insert into albums (id, artist_id, title, year) values (4, 2, 'dui maecenas', 1982);
insert into albums (id, artist_id, title, year) values (5, 3, 'arcu adipiscing molestie', 1973);
insert into albums (id, artist_id, title, year) values (6, 3, 'lacus at turpis donec', 1956);
insert into albums (id, artist_id, title, year) values (7, 4, 'semper est quam pharetra magna', 1996);
insert into albums (id, artist_id, title, year) values (8, 4, 'nunc purus phasellus in felis', 1958);
insert into albums (id, artist_id, title, year) values (9, 5, 'turpis nec euismod', 1952);
insert into albums (id, artist_id, title, year) values (10, 5, 'sit amet eros suspendisse', 2006);
insert into albums (id, artist_id, title, year) values (11, 6, 'in imperdiet', 1960);
insert into albums (id, artist_id, title, year) values (12, 6, 'magna', 1965);
insert into albums (id, artist_id, title, year) values (13, 7, 'non pretium', 1950);
insert into albums (id, artist_id, title, year) values (14, 7, 'dignissim vestibulum vestibulum ante', 1993);
insert into albums (id, artist_id, title, year) values (15, 8, 'dignissim vestibulum vestibulum', 1964);
insert into albums (id, artist_id, title, year) values (16, 8, 'duis', 1987);
insert into albums (id, artist_id, title, year) values (17, 9, 'morbi ut odio cras mi', 1969);
insert into albums (id, artist_id, title, year) values (18, 9, 'mattis odio donec vitae', 2008);
insert into albums (id, artist_id, title, year) values (19, 10, 'sapien varius ut', 1975);
insert into albums (id, artist_id, title, year) values (20, 10, 'ac tellus semper interdum mauris', 1996);
insert into albums (id, artist_id, title, year) values (21, 11, 'nulla neque libero convallis', 1993);
insert into albums (id, artist_id, title, year) values (22, 11, 'amet', 1972);
insert into albums (id, artist_id, title, year) values (23, 12, 'integer ac leo', 1997);
insert into albums (id, artist_id, title, year) values (24, 12, 'adipiscing elit proin interdum', 1979);
insert into albums (id, artist_id, title, year) values (25, 13, 'semper rutrum nulla nunc', 2002);
insert into albums (id, artist_id, title, year) values (26, 13, 'volutpat quam pede', 1986);
insert into albums (id, artist_id, title, year) values (27, 14, 'eget tempus vel pede morbi', 1966);
insert into albums (id, artist_id, title, year) values (28, 14, 'augue aliquam erat volutpat', 2000);
insert into albums (id, artist_id, title, year) values (29, 15, 'in ante vestibulum ante ipsum', 1991);
insert into albums (id, artist_id, title, year) values (30, 15, 'consequat dui nec nisi', 1951);
insert into albums (id, artist_id, title, year) values (31, 16, 'morbi porttitor lorem id ligula', 1961);
insert into albums (id, artist_id, title, year) values (32, 16, 'sapien', 1981);
insert into albums (id, artist_id, title, year) values (33, 17, 'phasellus in', 1970);
insert into albums (id, artist_id, title, year) values (34, 17, 'dictumst etiam faucibus', 1978);
insert into albums (id, artist_id, title, year) values (35, 18, 'hac habitasse platea dictumst maecenas', 1975);
insert into albums (id, artist_id, title, year) values (36, 18, 'velit', 1965);
insert into albums (id, artist_id, title, year) values (37, 19, 'lorem ipsum dolor sit', 1995);
insert into albums (id, artist_id, title, year) values (38, 19, 'vel augue vestibulum ante', 2013);
insert into albums (id, artist_id, title, year) values (39, 20, 'praesent', 1956);
insert into albums (id, artist_id, title, year) values (40, 20, 'felis fusce', 1995);
insert into albums (id, artist_id, title, year) values (41, 21, 'lobortis est phasellus sit', 2014);
insert into albums (id, artist_id, title, year) values (42, 21, 'in consequat ut nulla', 1956);
insert into albums (id, artist_id, title, year) values (43, 22, 'lacus at', 2010);
insert into albums (id, artist_id, title, year) values (44, 22, 'platea dictumst aliquam', 1952);
insert into albums (id, artist_id, title, year) values (45, 23, 'nascetur ridiculus mus', 1959);
insert into albums (id, artist_id, title, year) values (46, 23, 'lectus', 2010);
insert into albums (id, artist_id, title, year) values (47, 24, 'donec pharetra magna vestibulum', 1957);
insert into albums (id, artist_id, title, year) values (48, 24, 'nisl duis ac', 1966);
insert into albums (id, artist_id, title, year) values (49, 25, 'non ligula pellentesque ultrices phasellus', 2006);
insert into albums (id, artist_id, title, year) values (50, 25, 'nunc viverra dapibus nulla', 1979);

-- songs
insert into songs (id, title, album_id, length, track_no) values (1, 'rhoncus dui', 1, 378, 3);
insert into songs (id, title, album_id, length, track_no) values (2, 'phasellus id sapien in', 1, 244, 8);
insert into songs (id, title, album_id, length, track_no) values (3, 'integer ac neque duis bibendum', 2, 5, 4);
insert into songs (id, title, album_id, length, track_no) values (4, 'imperdiet sapien urna pretium', 2, 312, 6);
insert into songs (id, title, album_id, length, track_no) values (5, 'orci', 3, 7, 10);
insert into songs (id, title, album_id, length, track_no) values (6, 'praesent blandit lacinia erat', 3, 15, 3);
insert into songs (id, title, album_id, length, track_no) values (7, 'eu mi nulla', 4, 52, 9);
insert into songs (id, title, album_id, length, track_no) values (8, 'tempor convallis nulla neque', 4, 427, 3);
insert into songs (id, title, album_id, length, track_no) values (9, 'nec nisi', 5, 71, 11);
insert into songs (id, title, album_id, length, track_no) values (10, 'molestie', 5, 458, 2);
insert into songs (id, title, album_id, length, track_no) values (11, 'at', 6, 45, 4);
insert into songs (id, title, album_id, length, track_no) values (12, 'in magna', 6, 423, 3);
insert into songs (id, title, album_id, length, track_no) values (13, 'at', 7, 215, 8);
insert into songs (id, title, album_id, length, track_no) values (14, 'purus', 7, 258, 9);
insert into songs (id, title, album_id, length, track_no) values (15, 'maecenas ut massa', 8, 140, 9);
insert into songs (id, title, album_id, length, track_no) values (16, 'et ultrices posuere', 8, 125, 8);
insert into songs (id, title, album_id, length, track_no) values (17, 'at nunc', 9, 202, 4);
insert into songs (id, title, album_id, length, track_no) values (18, 'dolor sit', 9, 494, 4);
insert into songs (id, title, album_id, length, track_no) values (19, 'ligula pellentesque ultrices phasellus id', 10, 58, 2);
insert into songs (id, title, album_id, length, track_no) values (20, 'rhoncus mauris enim', 10, 282, 1);
insert into songs (id, title, album_id, length, track_no) values (21, 'tempus vel', 11, 470, 5);
insert into songs (id, title, album_id, length, track_no) values (22, 'interdum mauris ullamcorper purus sit', 11, 149, 1);
insert into songs (id, title, album_id, length, track_no) values (23, 'sit amet diam in magna', 12, 83, 10);
insert into songs (id, title, album_id, length, track_no) values (24, 'phasellus sit', 12, 210, 10);
insert into songs (id, title, album_id, length, track_no) values (25, 'vel', 13, 140, 9);
insert into songs (id, title, album_id, length, track_no) values (26, 'sapien urna', 13, 116, 4);
insert into songs (id, title, album_id, length, track_no) values (27, 'turpis adipiscing', 14, 258, 11);
insert into songs (id, title, album_id, length, track_no) values (28, 'eget massa tempor convallis nulla', 14, 109, 3);
insert into songs (id, title, album_id, length, track_no) values (29, 'aliquet massa id', 15, 3, 3);
insert into songs (id, title, album_id, length, track_no) values (30, 'enim blandit', 15, 182, 8);
insert into songs (id, title, album_id, length, track_no) values (31, 'quisque porta', 16, 48, 8);
insert into songs (id, title, album_id, length, track_no) values (32, 'neque sapien placerat ante nulla', 16, 391, 10);
insert into songs (id, title, album_id, length, track_no) values (33, 'nulla', 17, 251, 4);
insert into songs (id, title, album_id, length, track_no) values (34, 'ut', 17, 10, 9);
insert into songs (id, title, album_id, length, track_no) values (35, 'sit', 18, 276, 3);
insert into songs (id, title, album_id, length, track_no) values (36, 'erat nulla tempus vivamus in', 18, 420, 1);
insert into songs (id, title, album_id, length, track_no) values (37, 'elementum in', 19, 210, 10);
insert into songs (id, title, album_id, length, track_no) values (38, 'neque duis bibendum morbi', 19, 174, 2);
insert into songs (id, title, album_id, length, track_no) values (39, 'lacus at velit vivamus', 20, 353, 8);
insert into songs (id, title, album_id, length, track_no) values (40, 'aliquet ultrices erat', 20, 174, 6);
insert into songs (id, title, album_id, length, track_no) values (41, 'nonummy integer', 21, 221, 7);
insert into songs (id, title, album_id, length, track_no) values (42, 'erat volutpat', 21, 453, 10);
insert into songs (id, title, album_id, length, track_no) values (43, 'eu', 22, 247, 5);
insert into songs (id, title, album_id, length, track_no) values (44, 'urna pretium', 22, 210, 8);
insert into songs (id, title, album_id, length, track_no) values (45, 'vestibulum vestibulum', 23, 443, 4);
insert into songs (id, title, album_id, length, track_no) values (46, 'cras', 23, 147, 2);
insert into songs (id, title, album_id, length, track_no) values (47, 'platea dictumst etiam faucibus cursus', 24, 330, 1);
insert into songs (id, title, album_id, length, track_no) values (48, 'nisi', 24, 219, 11);
insert into songs (id, title, album_id, length, track_no) values (49, 'in sagittis', 25, 174, 4);
insert into songs (id, title, album_id, length, track_no) values (50, 'praesent blandit nam nulla', 25, 458, 8);
insert into songs (id, title, album_id, length, track_no) values (51, 'faucibus', 26, 408, 2);
insert into songs (id, title, album_id, length, track_no) values (52, 'vitae nisi nam', 26, 171, 10);
insert into songs (id, title, album_id, length, track_no) values (53, 'metus arcu', 27, 432, 3);
insert into songs (id, title, album_id, length, track_no) values (54, 'tincidunt', 27, 383, 9);
insert into songs (id, title, album_id, length, track_no) values (55, 'vestibulum vestibulum', 28, 442, 1);
insert into songs (id, title, album_id, length, track_no) values (56, 'felis ut', 28, 291, 7);
insert into songs (id, title, album_id, length, track_no) values (57, 'sit', 29, 33, 8);
insert into songs (id, title, album_id, length, track_no) values (58, 'sed tincidunt eu felis fusce', 29, 301, 11);
insert into songs (id, title, album_id, length, track_no) values (59, 'luctus et ultrices', 30, 91, 5);
insert into songs (id, title, album_id, length, track_no) values (60, 'amet lobortis', 30, 120, 2);
insert into songs (id, title, album_id, length, track_no) values (61, 'eu magna', 31, 123, 8);
insert into songs (id, title, album_id, length, track_no) values (62, 'nulla suspendisse', 31, 402, 2);
insert into songs (id, title, album_id, length, track_no) values (63, 'purus eu', 32, 117, 6);
insert into songs (id, title, album_id, length, track_no) values (64, 'cras pellentesque', 32, 37, 3);
insert into songs (id, title, album_id, length, track_no) values (65, 'lectus suspendisse', 33, 12, 2);
insert into songs (id, title, album_id, length, track_no) values (66, 'congue etiam', 33, 376, 9);
insert into songs (id, title, album_id, length, track_no) values (67, 'leo rhoncus sed vestibulum', 34, 281, 11);
insert into songs (id, title, album_id, length, track_no) values (68, 'urna ut tellus', 34, 341, 6);
insert into songs (id, title, album_id, length, track_no) values (69, 'est risus auctor sed tristique', 35, 438, 3);
insert into songs (id, title, album_id, length, track_no) values (70, 'tristique fusce congue diam id', 35, 229, 4);
insert into songs (id, title, album_id, length, track_no) values (71, 'hendrerit at', 36, 316, 4);
insert into songs (id, title, album_id, length, track_no) values (72, 'curabitur at ipsum', 36, 288, 9);
insert into songs (id, title, album_id, length, track_no) values (73, 'nec', 37, 379, 7);
insert into songs (id, title, album_id, length, track_no) values (74, 'vestibulum quam sapien varius ut', 37, 185, 3);
insert into songs (id, title, album_id, length, track_no) values (75, 'dui nec', 38, 4, 1);
insert into songs (id, title, album_id, length, track_no) values (76, 'hac habitasse', 38, 213, 6);
insert into songs (id, title, album_id, length, track_no) values (77, 'purus phasellus in felis', 39, 11, 5);
insert into songs (id, title, album_id, length, track_no) values (78, 'tincidunt', 39, 297, 4);
insert into songs (id, title, album_id, length, track_no) values (79, 'dictumst', 40, 246, 11);
insert into songs (id, title, album_id, length, track_no) values (80, 'rhoncus aliquam', 40, 362, 1);
insert into songs (id, title, album_id, length, track_no) values (81, 'ligula pellentesque ultrices phasellus id', 1, 149, 9);
insert into songs (id, title, album_id, length, track_no) values (82, 'sagittis sapien cum sociis natoque', 1, 298, 3);
insert into songs (id, title, album_id, length, track_no) values (83, 'sodales sed tincidunt eu', 2, 332, 5);
insert into songs (id, title, album_id, length, track_no) values (84, 'eu felis fusce', 2, 48, 9);
insert into songs (id, title, album_id, length, track_no) values (85, 'blandit ultrices enim lorem', 3, 46, 9);
insert into songs (id, title, album_id, length, track_no) values (86, 'ligula sit amet', 3, 205, 9);
insert into songs (id, title, album_id, length, track_no) values (87, 'donec vitae', 4, 238, 10);
insert into songs (id, title, album_id, length, track_no) values (88, 'interdum', 4, 331, 4);
insert into songs (id, title, album_id, length, track_no) values (89, 'at', 5, 411, 3);
insert into songs (id, title, album_id, length, track_no) values (90, 'erat fermentum justo', 5, 351, 11);
insert into songs (id, title, album_id, length, track_no) values (91, 'lorem id ligula suspendisse', 6, 216, 9);
insert into songs (id, title, album_id, length, track_no) values (92, 'massa id nisl venenatis lacinia', 6, 127, 9);
insert into songs (id, title, album_id, length, track_no) values (93, 'in', 7, 249, 6);
insert into songs (id, title, album_id, length, track_no) values (94, 'ut blandit non interdum', 7, 273, 10);
insert into songs (id, title, album_id, length, track_no) values (95, 'erat eros viverra eget', 8, 263, 7);
insert into songs (id, title, album_id, length, track_no) values (96, 'in faucibus orci luctus et', 8, 184, 6);
insert into songs (id, title, album_id, length, track_no) values (97, 'tristique est', 9, 46, 8);
insert into songs (id, title, album_id, length, track_no) values (98, 'proin leo', 9, 283, 10);
insert into songs (id, title, album_id, length, track_no) values (99, 'arcu sed augue aliquam', 10, 86, 11);
insert into songs (id, title, album_id, length, track_no) values (100, 'mauris sit amet eros', 10, 215, 10);
insert into songs (id, title, album_id, length, track_no) values (1, 'feugiat', 1, 5, 2);
insert into songs (id, title, album_id, length, track_no) values (2, 'arcu adipiscing molestie hendrerit', 1, 220, 7);
insert into songs (id, title, album_id, length, track_no) values (3, 'quisque erat eros viverra', 2, 499, 9);
insert into songs (id, title, album_id, length, track_no) values (4, 'donec ut dolor morbi', 2, 395, 11);
insert into songs (id, title, album_id, length, track_no) values (5, 'lacinia', 3, 256, 1);
insert into songs (id, title, album_id, length, track_no) values (6, 'tempus', 3, 492, 8);
insert into songs (id, title, album_id, length, track_no) values (7, 'habitasse', 4, 92, 4);
insert into songs (id, title, album_id, length, track_no) values (8, 'suscipit nulla', 4, 48, 7);
insert into songs (id, title, album_id, length, track_no) values (9, 'tincidunt nulla mollis molestie', 5, 190, 11);
insert into songs (id, title, album_id, length, track_no) values (10, 'convallis duis consequat', 5, 441, 7);
insert into songs (id, title, album_id, length, track_no) values (11, 'purus', 6, 327, 11);
insert into songs (id, title, album_id, length, track_no) values (12, 'pede morbi', 6, 198, 7);
insert into songs (id, title, album_id, length, track_no) values (13, 'vitae', 7, 396, 11);
insert into songs (id, title, album_id, length, track_no) values (14, 'sit amet nunc viverra', 7, 71, 9);
insert into songs (id, title, album_id, length, track_no) values (15, 'viverra pede ac diam', 8, 255, 4);
insert into songs (id, title, album_id, length, track_no) values (16, 'nonummy maecenas tincidunt lacus at', 8, 189, 5);
insert into songs (id, title, album_id, length, track_no) values (17, 'integer ac leo', 9, 373, 1);
insert into songs (id, title, album_id, length, track_no) values (18, 'orci luctus et', 9, 264, 8);
insert into songs (id, title, album_id, length, track_no) values (19, 'vitae quam', 10, 159, 10);
insert into songs (id, title, album_id, length, track_no) values (20, 'id', 10, 427, 9);
insert into songs (id, title, album_id, length, track_no) values (21, 'at', 11, 471, 7);
insert into songs (id, title, album_id, length, track_no) values (22, 'elementum ligula vehicula', 11, 461, 8);
insert into songs (id, title, album_id, length, track_no) values (23, 'sociis', 12, 365, 11);
insert into songs (id, title, album_id, length, track_no) values (24, 'tellus nisi eu orci mauris', 12, 238, 8);
insert into songs (id, title, album_id, length, track_no) values (25, 'felis', 13, 229, 4);
insert into songs (id, title, album_id, length, track_no) values (26, 'convallis eget eleifend', 13, 75, 6);
insert into songs (id, title, album_id, length, track_no) values (27, 'ut mauris eget massa tempor', 14, 306, 4);
insert into songs (id, title, album_id, length, track_no) values (28, 'cras mi pede', 14, 418, 9);
insert into songs (id, title, album_id, length, track_no) values (29, 'aenean fermentum donec ut mauris', 15, 110, 5);
insert into songs (id, title, album_id, length, track_no) values (30, 'massa id lobortis convallis tortor', 15, 286, 11);
insert into songs (id, title, album_id, length, track_no) values (31, 'odio cras mi pede', 16, 440, 7);
insert into songs (id, title, album_id, length, track_no) values (32, 'venenatis', 16, 349, 3);
insert into songs (id, title, album_id, length, track_no) values (33, 'cubilia curae mauris', 17, 189, 11);
insert into songs (id, title, album_id, length, track_no) values (34, 'ultricies eu nibh', 17, 74, 5);
insert into songs (id, title, album_id, length, track_no) values (35, 'est et tempus semper', 18, 273, 1);
insert into songs (id, title, album_id, length, track_no) values (36, 'volutpat', 18, 433, 8);
insert into songs (id, title, album_id, length, track_no) values (37, 'aliquet pulvinar sed nisl nunc', 19, 353, 10);
insert into songs (id, title, album_id, length, track_no) values (38, 'integer pede justo', 19, 88, 1);
insert into songs (id, title, album_id, length, track_no) values (39, 'tincidunt eu felis fusce posuere', 20, 240, 9);
insert into songs (id, title, album_id, length, track_no) values (40, 'lacus purus aliquet at feugiat', 20, 242, 11);
insert into songs (id, title, album_id, length, track_no) values (41, 'tortor risus', 21, 130, 4);
insert into songs (id, title, album_id, length, track_no) values (42, 'vestibulum', 21, 475, 7);
insert into songs (id, title, album_id, length, track_no) values (43, 'bibendum felis sed interdum venenatis', 22, 166, 3);
insert into songs (id, title, album_id, length, track_no) values (44, 'pede libero quis orci', 22, 8, 6);
insert into songs (id, title, album_id, length, track_no) values (45, 'amet turpis elementum', 23, 187, 2);
insert into songs (id, title, album_id, length, track_no) values (46, 'duis ac nibh', 23, 329, 6);
insert into songs (id, title, album_id, length, track_no) values (47, 'pede posuere nonummy integer', 24, 316, 9);
insert into songs (id, title, album_id, length, track_no) values (48, 'proin', 24, 1, 8);
insert into songs (id, title, album_id, length, track_no) values (49, 'at nibh', 25, 311, 5);
insert into songs (id, title, album_id, length, track_no) values (50, 'tristique in tempus sit amet', 25, 156, 9);
insert into songs (id, title, album_id, length, track_no) values (51, 'nulla', 26, 157, 10);
insert into songs (id, title, album_id, length, track_no) values (52, 'phasellus', 26, 386, 10);
insert into songs (id, title, album_id, length, track_no) values (53, 'ut odio cras', 27, 488, 9);
insert into songs (id, title, album_id, length, track_no) values (54, 'aliquam non', 27, 190, 4);
insert into songs (id, title, album_id, length, track_no) values (55, 'scelerisque mauris sit', 28, 96, 9);
insert into songs (id, title, album_id, length, track_no) values (56, 'eu', 28, 402, 4);
insert into songs (id, title, album_id, length, track_no) values (57, 'et commodo', 29, 5, 9);
insert into songs (id, title, album_id, length, track_no) values (58, 'commodo vulputate justo in', 29, 499, 10);
insert into songs (id, title, album_id, length, track_no) values (59, 'pede', 30, 288, 8);
insert into songs (id, title, album_id, length, track_no) values (60, 'risus dapibus augue vel', 30, 91, 11);
insert into songs (id, title, album_id, length, track_no) values (61, 'dictumst', 31, 495, 1);
insert into songs (id, title, album_id, length, track_no) values (62, 'quam sapien varius ut', 31, 372, 4);
insert into songs (id, title, album_id, length, track_no) values (63, 'in leo', 32, 71, 11);
insert into songs (id, title, album_id, length, track_no) values (64, 'mauris', 32, 54, 8);
insert into songs (id, title, album_id, length, track_no) values (65, 'sit amet eros suspendisse', 33, 210, 9);
insert into songs (id, title, album_id, length, track_no) values (66, 'eget tempus vel pede', 33, 253, 1);
insert into songs (id, title, album_id, length, track_no) values (67, 'iaculis diam', 34, 335, 11);
insert into songs (id, title, album_id, length, track_no) values (68, 'morbi non lectus aliquam', 34, 289, 10);
insert into songs (id, title, album_id, length, track_no) values (69, 'ultrices', 35, 467, 11);
insert into songs (id, title, album_id, length, track_no) values (70, 'erat quisque erat eros viverra', 35, 437, 8);
insert into songs (id, title, album_id, length, track_no) values (71, 'lorem quisque', 36, 104, 5);
insert into songs (id, title, album_id, length, track_no) values (72, 'blandit lacinia erat vestibulum sed', 36, 297, 4);
insert into songs (id, title, album_id, length, track_no) values (73, 'in lectus pellentesque at nulla', 37, 391, 2);
insert into songs (id, title, album_id, length, track_no) values (74, 'bibendum felis sed', 37, 343, 7);
insert into songs (id, title, album_id, length, track_no) values (75, 'in hac', 38, 204, 10);
insert into songs (id, title, album_id, length, track_no) values (76, 'morbi', 38, 100, 8);
insert into songs (id, title, album_id, length, track_no) values (77, 'nam ultrices libero non', 39, 301, 3);
insert into songs (id, title, album_id, length, track_no) values (78, 'tincidunt lacus', 39, 80, 2);
insert into songs (id, title, album_id, length, track_no) values (79, 'felis eu sapien cursus vestibulum', 40, 197, 2);
insert into songs (id, title, album_id, length, track_no) values (80, 'lectus', 40, 209, 9);
insert into songs (id, title, album_id, length, track_no) values (81, 'morbi quis tortor', 1, 451, 6);
insert into songs (id, title, album_id, length, track_no) values (82, 'non quam nec', 1, 224, 6);
insert into songs (id, title, album_id, length, track_no) values (83, 'tristique in tempus sit', 2, 409, 3);
insert into songs (id, title, album_id, length, track_no) values (84, 'duis faucibus accumsan odio curabitur', 2, 60, 9);
insert into songs (id, title, album_id, length, track_no) values (85, 'vel enim', 3, 103, 5);
insert into songs (id, title, album_id, length, track_no) values (86, 'ac', 3, 96, 1);
insert into songs (id, title, album_id, length, track_no) values (87, 'lectus in est', 4, 498, 2);
insert into songs (id, title, album_id, length, track_no) values (88, 'vitae nisl', 4, 240, 5);
insert into songs (id, title, album_id, length, track_no) values (89, 'tincidunt', 5, 49, 8);
insert into songs (id, title, album_id, length, track_no) values (90, 'mi', 5, 96, 3);
insert into songs (id, title, album_id, length, track_no) values (91, 'integer', 6, 363, 10);
insert into songs (id, title, album_id, length, track_no) values (92, 'vestibulum vestibulum ante ipsum primis', 6, 486, 2);
insert into songs (id, title, album_id, length, track_no) values (93, 'nulla ultrices', 7, 272, 3);
insert into songs (id, title, album_id, length, track_no) values (94, 'et ultrices posuere cubilia curae', 7, 210, 10);
insert into songs (id, title, album_id, length, track_no) values (95, 'massa tempor convallis nulla', 8, 367, 9);
insert into songs (id, title, album_id, length, track_no) values (96, 'magna at nunc', 8, 356, 6);
insert into songs (id, title, album_id, length, track_no) values (97, 'diam', 9, 489, 4);
insert into songs (id, title, album_id, length, track_no) values (98, 'at', 9, 494, 3);
insert into songs (id, title, album_id, length, track_no) values (99, 'in faucibus orci luctus', 10, 471, 6);
insert into songs (id, title, album_id, length, track_no) values (100, 'consequat metus sapien ut', 10, 269, 7);


--Playlists
insert into albums (id, name) values (1, 'tempus sit amet');
insert into albums (id, name) values (2, 'ipsum');
insert into albums (id, name) values (3, 'etiam');
insert into albums (id, name) values (4, 'iaculis');
insert into albums (id, name) values (5, 'sed sagittis');
insert into albums (id, name) values (6, 'praesent');
insert into albums (id, name) values (7, 'semper');
insert into albums (id, name) values (8, 'velit eu');
insert into albums (id, name) values (9, 'dui');
insert into albums (id, name) values (10, 'lacinia sapien quis');

--playlist_songs
insert into albums (playlist_id, song_id) values (8, 41);
insert into albums (playlist_id, song_id) values (3, 112);
insert into albums (playlist_id, song_id) values (9, 61);
insert into albums (playlist_id, song_id) values (3, 12);
insert into albums (playlist_id, song_id) values (2, 93);
insert into albums (playlist_id, song_id) values (9, 177);
insert into albums (playlist_id, song_id) values (9, 87);
insert into albums (playlist_id, song_id) values (7, 109);
insert into albums (playlist_id, song_id) values (2, 103);
insert into albums (playlist_id, song_id) values (7, 84);
insert into albums (playlist_id, song_id) values (10, 124);
insert into albums (playlist_id, song_id) values (8, 77);
insert into albums (playlist_id, song_id) values (10, 40);
insert into albums (playlist_id, song_id) values (6, 187);
insert into albums (playlist_id, song_id) values (10, 113);
insert into albums (playlist_id, song_id) values (2, 120);
insert into albums (playlist_id, song_id) values (7, 51);
insert into albums (playlist_id, song_id) values (2, 52);
insert into albums (playlist_id, song_id) values (7, 138);
insert into albums (playlist_id, song_id) values (2, 170);
insert into albums (playlist_id, song_id) values (5, 117);
insert into albums (playlist_id, song_id) values (10, 180);
insert into albums (playlist_id, song_id) values (10, 96);
insert into albums (playlist_id, song_id) values (3, 185);
insert into albums (playlist_id, song_id) values (2, 48);
insert into albums (playlist_id, song_id) values (9, 23);
insert into albums (playlist_id, song_id) values (7, 108);
insert into albums (playlist_id, song_id) values (4, 144);
insert into albums (playlist_id, song_id) values (9, 20);
insert into albums (playlist_id, song_id) values (6, 103);
insert into albums (playlist_id, song_id) values (3, 199);
insert into albums (playlist_id, song_id) values (6, 66);
insert into albums (playlist_id, song_id) values (7, 18);
insert into albums (playlist_id, song_id) values (8, 88);
insert into albums (playlist_id, song_id) values (8, 116);
insert into albums (playlist_id, song_id) values (3, 76);
insert into albums (playlist_id, song_id) values (5, 34);
insert into albums (playlist_id, song_id) values (1, 99);
insert into albums (playlist_id, song_id) values (3, 102);
insert into albums (playlist_id, song_id) values (6, 124);
insert into albums (playlist_id, song_id) values (8, 52);
insert into albums (playlist_id, song_id) values (3, 33);
insert into albums (playlist_id, song_id) values (2, 138);
insert into albums (playlist_id, song_id) values (8, 150);
insert into albums (playlist_id, song_id) values (7, 41);
insert into albums (playlist_id, song_id) values (8, 196);
insert into albums (playlist_id, song_id) values (7, 78);
insert into albums (playlist_id, song_id) values (5, 182);
insert into albums (playlist_id, song_id) values (7, 168);
insert into albums (playlist_id, song_id) values (7, 101);
insert into albums (playlist_id, song_id) values (8, 60);
insert into albums (playlist_id, song_id) values (9, 15);
insert into albums (playlist_id, song_id) values (7, 118);
insert into albums (playlist_id, song_id) values (7, 55);
insert into albums (playlist_id, song_id) values (6, 94);
insert into albums (playlist_id, song_id) values (4, 93);
insert into albums (playlist_id, song_id) values (8, 148);
insert into albums (playlist_id, song_id) values (7, 105);
insert into albums (playlist_id, song_id) values (1, 29);
insert into albums (playlist_id, song_id) values (1, 8);
insert into albums (playlist_id, song_id) values (6, 162);
insert into albums (playlist_id, song_id) values (8, 160);
insert into albums (playlist_id, song_id) values (8, 172);
insert into albums (playlist_id, song_id) values (6, 11);
insert into albums (playlist_id, song_id) values (2, 100);
insert into albums (playlist_id, song_id) values (2, 102);
insert into albums (playlist_id, song_id) values (8, 190);
insert into albums (playlist_id, song_id) values (9, 84);
insert into albums (playlist_id, song_id) values (4, 108);
insert into albums (playlist_id, song_id) values (7, 198);
insert into albums (playlist_id, song_id) values (3, 170);
insert into albums (playlist_id, song_id) values (8, 101);
insert into albums (playlist_id, song_id) values (8, 60);
insert into albums (playlist_id, song_id) values (7, 79);
insert into albums (playlist_id, song_id) values (6, 176);
insert into albums (playlist_id, song_id) values (6, 110);
insert into albums (playlist_id, song_id) values (8, 101);
insert into albums (playlist_id, song_id) values (10, 86);
insert into albums (playlist_id, song_id) values (5, 3);
insert into albums (playlist_id, song_id) values (9, 193);
insert into albums (playlist_id, song_id) values (2, 83);
insert into albums (playlist_id, song_id) values (2, 127);
insert into albums (playlist_id, song_id) values (9, 97);
insert into albums (playlist_id, song_id) values (7, 45);
insert into albums (playlist_id, song_id) values (6, 173);
insert into albums (playlist_id, song_id) values (6, 163);
insert into albums (playlist_id, song_id) values (4, 145);
insert into albums (playlist_id, song_id) values (8, 124);
insert into albums (playlist_id, song_id) values (4, 138);
insert into albums (playlist_id, song_id) values (2, 198);
insert into albums (playlist_id, song_id) values (6, 143);
insert into albums (playlist_id, song_id) values (9, 113);
insert into albums (playlist_id, song_id) values (2, 38);
insert into albums (playlist_id, song_id) values (9, 126);
insert into albums (playlist_id, song_id) values (2, 131);
insert into albums (playlist_id, song_id) values (10, 153);
insert into albums (playlist_id, song_id) values (8, 193);
insert into albums (playlist_id, song_id) values (3, 29);
insert into albums (playlist_id, song_id) values (9, 67);
insert into albums (playlist_id, song_id) values (7, 12);
insert into albums (playlist_id, song_id) values (6, 162);
insert into albums (playlist_id, song_id) values (3, 149);
insert into albums (playlist_id, song_id) values (9, 197);
insert into albums (playlist_id, song_id) values (3, 189);
insert into albums (playlist_id, song_id) values (2, 63);
insert into albums (playlist_id, song_id) values (2, 91);
insert into albums (playlist_id, song_id) values (6, 43);
insert into albums (playlist_id, song_id) values (9, 170);
insert into albums (playlist_id, song_id) values (9, 21);
insert into albums (playlist_id, song_id) values (5, 141);
insert into albums (playlist_id, song_id) values (7, 159);
insert into albums (playlist_id, song_id) values (8, 148);
insert into albums (playlist_id, song_id) values (5, 150);
insert into albums (playlist_id, song_id) values (3, 124);
insert into albums (playlist_id, song_id) values (7, 43);
insert into albums (playlist_id, song_id) values (1, 22);
insert into albums (playlist_id, song_id) values (10, 146);
insert into albums (playlist_id, song_id) values (10, 109);
insert into albums (playlist_id, song_id) values (8, 87);
insert into albums (playlist_id, song_id) values (2, 145);
insert into albums (playlist_id, song_id) values (9, 21);
insert into albums (playlist_id, song_id) values (1, 119);
insert into albums (playlist_id, song_id) values (2, 176);
insert into albums (playlist_id, song_id) values (7, 192);
insert into albums (playlist_id, song_id) values (1, 103);
insert into albums (playlist_id, song_id) values (2, 157);
insert into albums (playlist_id, song_id) values (4, 143);
insert into albums (playlist_id, song_id) values (7, 163);
insert into albums (playlist_id, song_id) values (4, 11);
insert into albums (playlist_id, song_id) values (10, 131);
insert into albums (playlist_id, song_id) values (2, 47);
insert into albums (playlist_id, song_id) values (2, 52);
insert into albums (playlist_id, song_id) values (8, 199);
insert into albums (playlist_id, song_id) values (4, 15);
insert into albums (playlist_id, song_id) values (2, 60);
insert into albums (playlist_id, song_id) values (5, 143);
insert into albums (playlist_id, song_id) values (10, 113);
insert into albums (playlist_id, song_id) values (10, 111);
insert into albums (playlist_id, song_id) values (10, 160);
insert into albums (playlist_id, song_id) values (1, 85);
insert into albums (playlist_id, song_id) values (6, 138);
insert into albums (playlist_id, song_id) values (6, 102);
insert into albums (playlist_id, song_id) values (3, 20);
insert into albums (playlist_id, song_id) values (1, 138);
insert into albums (playlist_id, song_id) values (3, 26);
insert into albums (playlist_id, song_id) values (2, 41);
insert into albums (playlist_id, song_id) values (4, 190);
insert into albums (playlist_id, song_id) values (8, 133);
insert into albums (playlist_id, song_id) values (8, 39);
insert into albums (playlist_id, song_id) values (5, 50);
insert into albums (playlist_id, song_id) values (3, 159);
insert into albums (playlist_id, song_id) values (3, 112);
insert into albums (playlist_id, song_id) values (5, 151);
insert into albums (playlist_id, song_id) values (4, 92);
insert into albums (playlist_id, song_id) values (9, 179);
insert into albums (playlist_id, song_id) values (9, 124);
insert into albums (playlist_id, song_id) values (6, 144);
insert into albums (playlist_id, song_id) values (6, 136);
insert into albums (playlist_id, song_id) values (10, 136);
insert into albums (playlist_id, song_id) values (6, 13);
insert into albums (playlist_id, song_id) values (4, 199);
insert into albums (playlist_id, song_id) values (9, 71);
insert into albums (playlist_id, song_id) values (8, 158);
insert into albums (playlist_id, song_id) values (10, 100);
insert into albums (playlist_id, song_id) values (9, 108);
insert into albums (playlist_id, song_id) values (5, 53);
insert into albums (playlist_id, song_id) values (7, 175);
insert into albums (playlist_id, song_id) values (5, 47);
insert into albums (playlist_id, song_id) values (3, 122);
insert into albums (playlist_id, song_id) values (3, 106);
insert into albums (playlist_id, song_id) values (5, 46);
insert into albums (playlist_id, song_id) values (4, 56);
insert into albums (playlist_id, song_id) values (6, 140);
insert into albums (playlist_id, song_id) values (10, 77);
insert into albums (playlist_id, song_id) values (8, 4);
insert into albums (playlist_id, song_id) values (4, 184);
insert into albums (playlist_id, song_id) values (9, 164);
insert into albums (playlist_id, song_id) values (6, 149);
insert into albums (playlist_id, song_id) values (5, 64);
insert into albums (playlist_id, song_id) values (10, 87);
insert into albums (playlist_id, song_id) values (1, 165);
insert into albums (playlist_id, song_id) values (7, 103);
insert into albums (playlist_id, song_id) values (1, 65);
insert into albums (playlist_id, song_id) values (7, 169);
insert into albums (playlist_id, song_id) values (8, 168);
insert into albums (playlist_id, song_id) values (1, 181);
insert into albums (playlist_id, song_id) values (7, 3);
insert into albums (playlist_id, song_id) values (9, 189);
insert into albums (playlist_id, song_id) values (3, 127);
insert into albums (playlist_id, song_id) values (4, 130);
insert into albums (playlist_id, song_id) values (1, 84);
insert into albums (playlist_id, song_id) values (4, 115);
insert into albums (playlist_id, song_id) values (4, 34);
insert into albums (playlist_id, song_id) values (3, 47);
insert into albums (playlist_id, song_id) values (3, 160);
insert into albums (playlist_id, song_id) values (9, 94);
insert into albums (playlist_id, song_id) values (6, 193);
insert into albums (playlist_id, song_id) values (9, 44);
insert into albums (playlist_id, song_id) values (4, 122);
insert into albums (playlist_id, song_id) values (5, 29);
